cloudCover,dayOfWeek,dayOrNight,expirationTimeUtc,iconCode,iconCodeExtend,precipChance,precipType,pressureMeanSeaLevel,qpf,qpfSnow,relativeHumidity,temperature,temperatureDewPoint,temperatureFeelsLike,temperatureHeatIndex,temperatureWindChill,uvDescription,uvIndex,validTimeLocal,validTimeUtc,visibility,windDirection,windDirectionCardinal,windGust,windSpeed,wxPhraseLong,wxPhraseShort,wxSeverity
45,Wednesday,D,1560912213,30,3000,3,rain,1007.65,0.0,0,54,27,17,28,28,27,Very High,10,2019-06-19T12:00:00+0900,1560913200,16,233,SW,,8,Partly Cloudy,P Cloudy,1
34,Wednesday,D,1560912213,30,3000,10,rain,1006.9,0.0,0,51,28,17,29,29,28,Very High,10,2019-06-19T13:00:00+0900,1560916800,16,231,SW,,10,Partly Cloudy,P Cloudy,1
40,Wednesday,D,1560912213,30,3000,16,rain,1006.4,0.0,0,49,28,16,29,29,28,Very High,8,2019-06-19T14:00:00+0900,1560920400,16,230,SW,,12,Partly Cloudy,P Cloudy,1
42,Wednesday,D,1560912213,30,3000,24,rain,1005.9,0.0,0,48,28,16,29,29,28,Moderate,5,2019-06-19T15:00:00+0900,1560924000,16,228,SW,,12,Partly Cloudy,P Cloudy,1
51,Wednesday,D,1560912213,30,3000,24,rain,1005.8,0.0,0,50,27,16,28,28,27,Moderate,3,2019-06-19T16:00:00+0900,1560927600,16,229,SW,,10,Partly Cloudy,P Cloudy,1
54,Wednesday,D,1560912213,30,3000,24,rain,1005.7,0.0,0,54,26,16,27,27,26,Low,1,2019-06-19T17:00:00+0900,1560931200,16,232,SW,,11,Partly Cloudy,P Cloudy,1
66,Wednesday,D,1560912213,28,2800,14,rain,1005.9,0.0,0,61,25,17,25,25,25,Low,0,2019-06-19T18:00:00+0900,1560934800,16,237,SW,,10,Mostly Cloudy,M Cloudy,1
55,Wednesday,D,1560913337,30,3000,15,rain,1006.16,0.0,0,64,25,17,26,26,25,Low,0,2019-06-19T19:00:00+0900,1560938400,16,238,WSW,,7,Partly Cloudy,P Cloudy,1
44,Wednesday,N,1560913337,29,2900,22,rain,1006.4,0.0,0,68,24,18,24,24,24,Low,0,2019-06-19T20:00:00+0900,1560942000,15,230,SW,,7,Partly Cloudy,P Cloudy,1
38,Wednesday,N,1560913337,29,2900,8,rain,1006.7,0.0,0,72,23,18,24,24,23,Low,0,2019-06-19T21:00:00+0900,1560945600,14,261,W,,6,Partly Cloudy,P Cloudy,1
41,Wednesday,N,1560913337,29,2900,6,rain,1006.7,0.0,0,73,23,18,23,23,23,Low,0,2019-06-19T22:00:00+0900,1560949200,14,281,W,,5,Partly Cloudy,P Cloudy,1
26,Wednesday,N,1560913337,33,3300,7,rain,1006.6,0.0,0,74,23,18,23,23,23,Low,0,2019-06-19T23:00:00+0900,1560952800,12,309,NW,,5,Mostly Clear,M Clear,1
23,Thursday,N,1560913337,33,3300,7,rain,1006.4,0.0,0,77,22,18,23,23,22,Low,0,2019-06-20T00:00:00+0900,1560956400,11,323,NW,,4,Mostly Clear,M Clear,1
22,Thursday,N,1560913337,33,3300,8,rain,1006.1,0.0,0,77,22,18,23,23,22,Low,0,2019-06-20T01:00:00+0900,1560960000,9,338,NNW,,4,Mostly Clear,M Clear,1
21,Thursday,N,1560913337,33,3300,8,rain,1005.8,0.0,0,79,22,18,22,22,22,Low,0,2019-06-20T02:00:00+0900,1560963600,8,350,N,,4,Mostly Clear,M Clear,1
21,Thursday,N,1560913337,33,3300,8,rain,1005.6,0.0,0,79,21,18,22,22,21,Low,0,2019-06-20T03:00:00+0900,1560967200,8,8,N,,3,Mostly Clear,M Clear,1
21,Thursday,N,1560913337,33,3300,8,rain,1005.9,0.0,0,80,21,17,21,21,21,Low,0,2019-06-20T04:00:00+0900,1560970800,9,7,N,,4,Mostly Clear,M Clear,1
23,Thursday,D,1560913337,34,3400,8,rain,1006.1,0.0,0,81,21,17,21,21,21,Low,0,2019-06-20T05:00:00+0900,1560974400,9,0,N,,4,Mostly Sunny,M Sunny,1
22,Thursday,D,1560913337,34,3400,7,rain,1006.4,0.0,0,79,21,17,22,22,21,Low,0,2019-06-20T06:00:00+0900,1560978000,12,9,N,,4,Mostly Sunny,M Sunny,1
20,Thursday,D,1560913337,34,3400,6,rain,1006.6,0.0,0,76,22,18,23,23,22,Low,1,2019-06-20T07:00:00+0900,1560981600,15,20,NNE,,4,Mostly Sunny,M Sunny,1
16,Thursday,D,1560913337,32,3200,4,rain,1006.7,0.0,0,70,23,18,24,24,23,Moderate,3,2019-06-20T08:00:00+0900,1560985200,16,70,ENE,,4,Sunny,Sunny,1
14,Thursday,D,1560913337,32,3200,7,rain,1006.78,0.0,0,64,25,18,27,27,25,Moderate,5,2019-06-20T09:00:00+0900,1560988800,16,162,SSE,,4,Sunny,Sunny,1
21,Thursday,D,1560913337,34,3400,9,rain,1006.64,0.0,0,59,26,18,28,28,26,Very High,8,2019-06-20T10:00:00+0900,1560992400,16,268,W,,5,Mostly Sunny,M Sunny,1
27,Thursday,D,1560913337,34,3400,6,rain,1006.5,0.0,0,54,27,17,29,29,27,Very High,10,2019-06-20T11:00:00+0900,1560996000,16,260,W,,6,Mostly Sunny,M Sunny,1
30,Thursday,D,1560913337,30,3000,11,rain,1006.2,0.0,0,51,28,17,29,29,28,Very High,10,2019-06-20T12:00:00+0900,1560999600,16,255,WSW,,9,Partly Cloudy,P Cloudy,1
31,Thursday,D,1560913337,30,3000,10,rain,1005.7,0.0,0,49,29,17,30,30,29,Very High,10,2019-06-20T13:00:00+0900,1561003200,16,250,WSW,,9,Partly Cloudy,P Cloudy,1
32,Thursday,D,1560913337,30,3000,8,rain,1005.3,0.0,0,48,29,17,30,30,29,Very High,8,2019-06-20T14:00:00+0900,1561006800,16,255,WSW,,11,Partly Cloudy,P Cloudy,1
32,Thursday,D,1560913337,30,3000,9,rain,1005.1,0.0,0,47,29,17,30,30,29,Moderate,5,2019-06-20T15:00:00+0900,1561010400,16,266,W,,10,Partly Cloudy,P Cloudy,1
29,Thursday,D,1560913337,34,3400,9,rain,1005.12,0.0,0,49,29,17,30,30,29,Moderate,3,2019-06-20T16:00:00+0900,1561014000,16,265,W,,9,Mostly Sunny,M Sunny,1
40,Thursday,D,1560913337,30,3000,8,rain,1005.36,0.0,0,48,29,17,29,29,29,Low,1,2019-06-20T17:00:00+0900,1561017600,16,290,WNW,,9,Partly Cloudy,P Cloudy,1
38,Thursday,D,1560913337,30,3000,2,rain,1005.8,0.0,0,50,28,17,29,29,28,Low,0,2019-06-20T18:00:00+0900,1561021200,16,313,NW,,8,Partly Cloudy,P Cloudy,1
39,Thursday,D,1560913337,30,3000,2,rain,1006.5,0.0,0,53,27,17,28,28,27,Low,0,2019-06-20T19:00:00+0900,1561024800,16,331,NNW,,7,Partly Cloudy,P Cloudy,1
43,Thursday,N,1560913337,29,2900,3,rain,1007.2,0.0,0,57,26,17,27,27,26,Low,0,2019-06-20T20:00:00+0900,1561028400,16,340,NNW,,6,Partly Cloudy,P Cloudy,1
51,Thursday,N,1560913337,29,2900,8,rain,1007.86,0.0,0,63,25,17,25,25,25,Low,0,2019-06-20T21:00:00+0900,1561032000,16,335,NNW,,6,Partly Cloudy,P Cloudy,1
56,Thursday,N,1560913337,29,2900,9,rain,1008.2,0.0,0,68,24,18,24,24,24,Low,0,2019-06-20T22:00:00+0900,1561035600,15,336,NNW,,5,Partly Cloudy,P Cloudy,1
46,Thursday,N,1560913337,29,2900,10,rain,1008.3,0.0,0,70,24,18,24,24,24,Low,0,2019-06-20T23:00:00+0900,1561039200,14,339,NNW,,5,Partly Cloudy,P Cloudy,1
44,Friday,N,1560913337,29,2900,6,rain,1008.1,0.0,0,71,23,18,24,24,23,Low,0,2019-06-21T00:00:00+0900,1561042800,14,358,N,,5,Partly Cloudy,P Cloudy,1
59,Friday,N,1560913337,29,2900,6,rain,1007.8,0.0,0,71,23,17,23,23,23,Low,0,2019-06-21T01:00:00+0900,1561046400,14,10,N,,5,Partly Cloudy,P Cloudy,1
58,Friday,N,1560913337,29,2900,6,rain,1007.59,0.0,0,73,22,17,23,23,22,Low,0,2019-06-21T02:00:00+0900,1561050000,13,18,NNE,,5,Partly Cloudy,P Cloudy,1
63,Friday,N,1560913337,27,2700,6,rain,1007.46,0.0,0,72,22,17,22,22,22,Low,0,2019-06-21T03:00:00+0900,1561053600,13,32,NNE,,4,Mostly Cloudy,M Cloudy,1
62,Friday,N,1560913337,27,2700,6,rain,1007.6,0.0,0,74,22,17,22,22,22,Low,0,2019-06-21T04:00:00+0900,1561057200,13,32,NNE,,5,Mostly Cloudy,M Cloudy,1
68,Friday,D,1560913337,28,2800,6,rain,1007.9,0.0,0,74,22,17,22,22,22,Low,0,2019-06-21T05:00:00+0900,1561060800,14,31,NNE,,5,Mostly Cloudy,M Cloudy,1
71,Friday,D,1560913337,28,2800,5,rain,1008.1,0.0,0,73,22,17,22,22,22,Low,0,2019-06-21T06:00:00+0900,1561064400,16,35,NE,,5,Mostly Cloudy,M Cloudy,1
75,Friday,D,1560913337,28,2800,4,rain,1008.2,0.0,0,69,23,17,23,23,23,Low,1,2019-06-21T07:00:00+0900,1561068000,16,54,NE,,5,Mostly Cloudy,M Cloudy,1
73,Friday,D,1560913337,28,2800,2,rain,1008.2,0.0,0,65,24,17,25,25,24,Low,2,2019-06-21T08:00:00+0900,1561071600,16,71,ENE,,5,Mostly Cloudy,M Cloudy,1
70,Friday,D,1560913337,28,2800,4,rain,1008.19,0.0,0,60,26,17,27,27,26,Moderate,4,2019-06-21T09:00:00+0900,1561075200,16,92,E,,5,Mostly Cloudy,M Cloudy,1
66,Friday,D,1560913337,28,2800,4,rain,1007.9,0.0,0,55,27,17,28,28,27,High,6,2019-06-21T10:00:00+0900,1561078800,16,130,SE,,4,Mostly Cloudy,M Cloudy,1
59,Friday,D,1560913337,30,3000,4,rain,1007.6,0.0,0,51,28,17,30,30,28,Very High,9,2019-06-21T11:00:00+0900,1561082400,16,192,SSW,,6,Partly Cloudy,P Cloudy,1
55,Friday,D,1560913337,30,3000,20,rain,1007.3,0.0,0,48,29,17,30,30,29,Very High,9,2019-06-21T12:00:00+0900,1561086000,16,212,SSW,,8,Partly Cloudy,P Cloudy,1
53,Friday,D,1560913337,30,3000,22,rain,1006.9,0.0,0,49,29,17,30,30,29,Very High,9,2019-06-21T13:00:00+0900,1561089600,16,214,SW,,11,Partly Cloudy,P Cloudy,1
58,Friday,D,1560913337,30,3000,24,rain,1006.5,0.0,0,52,29,18,30,30,29,High,7,2019-06-21T14:00:00+0900,1561093200,16,222,SW,,13,Partly Cloudy,P Cloudy,1
61,Friday,D,1560913337,28,2800,24,rain,1006.3,0.0,0,54,28,18,29,29,28,Moderate,5,2019-06-21T15:00:00+0900,1561096800,16,221,SW,,14,Mostly Cloudy,M Cloudy,1
65,Friday,D,1560913337,28,2800,24,rain,1006.3,0.0,0,57,27,18,29,29,27,Low,2,2019-06-21T16:00:00+0900,1561100400,16,220,SW,,14,Mostly Cloudy,M Cloudy,1
66,Friday,D,1560913337,38,3800,35,rain,1006.49,0.30000000000000004,0,58,27,18,28,28,27,Low,1,2019-06-21T17:00:00+0900,1561104000,16,224,SW,,14,Scattered Thunderstorms,Sct T-Storms,2
63,Friday,D,1560913337,28,2800,24,rain,1006.8,0.0,0,60,26,18,28,28,26,Low,0,2019-06-21T18:00:00+0900,1561107600,16,216,SW,,12,Mostly Cloudy,M Cloudy,1
67,Friday,D,1560913337,11,1100,35,rain,1007.16,0.16,0,63,26,18,27,27,26,Low,0,2019-06-21T19:00:00+0900,1561111200,16,208,SSW,,10,Showers,Showers,1
68,Friday,N,1560913337,27,2700,24,rain,1007.5,0.0,0,67,25,18,27,27,25,Low,0,2019-06-21T20:00:00+0900,1561114800,15,208,SSW,,7,Mostly Cloudy,M Cloudy,1
66,Friday,N,1560913337,27,2700,24,rain,1007.69,0.0,0,70,24,19,26,26,24,Low,0,2019-06-21T21:00:00+0900,1561118400,13,231,SW,,7,Mostly Cloudy,M Cloudy,1
63,Friday,N,1560913337,27,2700,24,rain,1007.54,0.0,0,72,24,19,25,25,24,Low,0,2019-06-21T22:00:00+0900,1561122000,13,191,S,,6,Mostly Cloudy,M Cloudy,1
58,Friday,N,1560913337,29,2900,24,rain,1007.3,0.0,0,72,24,19,24,24,24,Low,0,2019-06-21T23:00:00+0900,1561125600,12,250,WSW,,7,Partly Cloudy,P Cloudy,1
52,Saturday,N,1560913337,29,2900,20,rain,1006.9,0.0,0,76,23,19,24,24,23,Low,0,2019-06-22T00:00:00+0900,1561129200,10,322,NW,,6,Partly Cloudy,P Cloudy,1
52,Saturday,N,1560913337,29,2900,21,rain,1006.56,0.0,0,78,23,19,23,23,23,Low,0,2019-06-22T01:00:00+0900,1561132800,9,352,N,,7,Partly Cloudy,P Cloudy,1
38,Saturday,N,1560913337,29,2900,21,rain,1006.14,0.0,0,79,22,19,23,23,22,Low,0,2019-06-22T02:00:00+0900,1561136400,9,15,NNE,,6,Partly Cloudy,P Cloudy,1
37,Saturday,N,1560913337,29,2900,23,rain,1005.8,0.0,0,79,22,18,23,23,22,Low,0,2019-06-22T03:00:00+0900,1561140000,9,32,NNE,,6,Partly Cloudy,P Cloudy,1
39,Saturday,N,1560913337,29,2900,23,rain,1005.74,0.0,0,81,22,18,22,22,22,Low,0,2019-06-22T04:00:00+0900,1561143600,9,37,NE,,6,Partly Cloudy,P Cloudy,1
55,Saturday,D,1560913337,30,3000,19,rain,1005.84,0.0,0,81,22,18,22,22,22,Low,0,2019-06-22T05:00:00+0900,1561147200,10,35,NE,,7,Partly Cloudy,P Cloudy,1
55,Saturday,D,1560913337,30,3000,20,rain,1005.8,0.0,0,80,22,18,23,23,22,Low,0,2019-06-22T06:00:00+0900,1561150800,12,35,NE,,7,Partly Cloudy,P Cloudy,1
57,Saturday,D,1560913337,30,3000,19,rain,1005.79,0.0,0,76,23,18,23,23,23,Low,1,2019-06-22T07:00:00+0900,1561154400,15,55,NE,,7,Partly Cloudy,P Cloudy,1
55,Saturday,D,1560913337,30,3000,17,rain,1005.6,0.0,0,73,24,18,24,24,24,Moderate,3,2019-06-22T08:00:00+0900,1561158000,16,76,ENE,,7,Partly Cloudy,P Cloudy,1
56,Saturday,D,1560913337,30,3000,24,rain,1005.24,0.0,0,67,25,18,27,27,25,Moderate,5,2019-06-22T09:00:00+0900,1561161600,16,85,E,,6,Partly Cloudy,P Cloudy,1
54,Saturday,D,1560913337,11,1100,35,rain,1004.8,0.2,0,62,26,18,27,27,26,High,7,2019-06-22T10:00:00+0900,1561165200,16,83,E,,6,Showers,Showers,1
53,Saturday,D,1560913337,11,1100,37,rain,1004.3,0.26,0,57,27,18,28,28,27,Very High,9,2019-06-22T11:00:00+0900,1561168800,16,95,E,,7,Showers,Showers,1
51,Saturday,D,1560913337,11,1100,49,rain,1003.84,0.30000000000000004,0,53,28,17,29,29,28,Very High,9,2019-06-22T12:00:00+0900,1561172400,16,97,E,,8,Showers,Showers,1
51,Saturday,D,1560913337,11,1100,53,rain,1003.34,0.38,0,52,28,17,29,29,28,Very High,9,2019-06-22T13:00:00+0900,1561176000,16,114,ESE,,10,Showers,Showers,1
57,Saturday,D,1560913337,11,1100,42,rain,1002.9,0.26,0,53,27,17,29,29,27,High,7,2019-06-22T14:00:00+0900,1561179600,16,99,E,,11,Showers,Showers,1
55,Saturday,D,1560913337,11,1100,55,rain,1002.6,0.4,0,53,27,17,29,29,27,Moderate,5,2019-06-22T15:00:00+0900,1561183200,16,105,ESE,,10,Showers,Showers,1
58,Saturday,D,1560913337,38,3800,54,rain,1002.56,0.4,0,55,27,17,28,28,27,Moderate,3,2019-06-22T16:00:00+0900,1561186800,16,125,SE,,10,Scattered Thunderstorms,Sct T-Storms,2
55,Saturday,D,1560913337,38,3800,47,rain,1002.76,0.30000000000000004,0,55,27,17,28,28,27,Low,1,2019-06-22T17:00:00+0900,1561190400,16,25,NNE,,11,Scattered Thunderstorms,Sct T-Storms,2
60,Saturday,D,1560913337,11,1100,44,rain,1003.06,0.30000000000000004,0,58,26,17,28,28,26,Low,0,2019-06-22T18:00:00+0900,1561194000,16,349,N,,10,Showers,Showers,1
60,Saturday,D,1560913337,11,1100,46,rain,1003.46,0.30000000000000004,0,61,26,17,27,27,26,Low,0,2019-06-22T19:00:00+0900,1561197600,16,339,NNW,,9,Showers,Showers,1
54,Saturday,N,1560913337,11,1100,48,rain,1003.89,0.36,0,66,25,18,26,26,25,Low,0,2019-06-22T20:00:00+0900,1561201200,14,353,N,,9,Showers,Showers,1
50,Saturday,N,1560913337,11,1100,44,rain,1004.1,0.2,0,72,24,18,24,24,24,Low,0,2019-06-22T21:00:00+0900,1561204800,13,355,N,,8,Showers,Showers,1
50,Saturday,N,1560913337,11,1100,43,rain,1004.06,0.2,0,74,23,18,24,24,23,Low,0,2019-06-22T22:00:00+0900,1561208400,12,2,N,,7,Showers,Showers,1
50,Saturday,N,1560913337,11,1100,38,rain,1003.9,0.2,0,76,23,18,24,24,23,Low,0,2019-06-22T23:00:00+0900,1561212000,11,1,N,,7,Showers,Showers,1
44,Sunday,N,1560913337,29,2900,24,rain,1003.7,0.0,0,77,23,18,23,23,23,Low,0,2019-06-23T00:00:00+0900,1561215600,10,7,N,,6,Partly Cloudy,P Cloudy,1
50,Sunday,N,1560913337,11,1100,36,rain,1003.52,0.2,0,78,22,18,23,23,22,Low,0,2019-06-23T01:00:00+0900,1561219200,9,7,N,,6,Showers,Showers,1
51,Sunday,N,1560913337,11,1100,39,rain,1003.42,0.2,0,79,22,18,23,23,22,Low,0,2019-06-23T02:00:00+0900,1561222800,8,7,N,,7,Showers,Showers,1
54,Sunday,N,1560913337,29,2900,24,rain,1003.4,0.0,0,80,22,18,22,22,22,Low,0,2019-06-23T03:00:00+0900,1561226400,8,15,NNE,,7,Partly Cloudy,P Cloudy,1
63,Sunday,N,1560913337,27,2700,24,rain,1003.56,0.0,0,81,22,18,22,22,22,Low,0,2019-06-23T04:00:00+0900,1561230000,9,18,NNE,,7,Mostly Cloudy,M Cloudy,1
66,Sunday,D,1560913337,28,2800,23,rain,1003.86,0.0,0,81,21,18,22,22,21,Low,0,2019-06-23T05:00:00+0900,1561233600,10,17,NNE,,8,Mostly Cloudy,M Cloudy,1
68,Sunday,D,1560913337,28,2800,24,rain,1004.16,0.0,0,79,22,18,22,22,22,Low,0,2019-06-23T06:00:00+0900,1561237200,12,23,NNE,,9,Mostly Cloudy,M Cloudy,1
66,Sunday,D,1560913337,28,2800,24,rain,1004.46,0.0,0,76,22,18,23,23,22,Low,1,2019-06-23T07:00:00+0900,1561240800,15,31,NNE,,9,Mostly Cloudy,M Cloudy,1
59,Sunday,D,1560913337,30,3000,22,rain,1004.7,0.0,0,71,23,17,23,23,23,Moderate,3,2019-06-23T08:00:00+0900,1561244400,16,42,NE,,9,Partly Cloudy,P Cloudy,1
49,Sunday,D,1560913337,11,4600,33,rain,1004.8,0.1,0,66,24,17,24,24,24,Moderate,5,2019-06-23T09:00:00+0900,1561248000,16,48,NE,,9,Few Showers,Few Showers,1
46,Sunday,D,1560913337,11,4600,33,rain,1004.76,0.12,0,61,25,17,27,27,25,Very High,8,2019-06-23T10:00:00+0900,1561251600,16,40,NE,,9,Few Showers,Few Showers,1
46,Sunday,D,1560913337,11,4600,34,rain,1004.6,0.16,0,57,26,17,27,27,26,Very High,10,2019-06-23T11:00:00+0900,1561255200,16,36,NE,,8,Few Showers,Few Showers,1
47,Sunday,D,1560913337,30,3000,24,rain,1004.36,0.0,0,54,27,17,28,28,27,Very High,10,2019-06-23T12:00:00+0900,1561258800,16,17,NNE,,9,Partly Cloudy,P Cloudy,1
47,Sunday,D,1560913337,11,4600,32,rain,1004.1,0.2,0,51,27,16,28,28,27,Very High,10,2019-06-23T13:00:00+0900,1561262400,16,23,NNE,,10,Few Showers,Few Showers,1
46,Sunday,D,1560913337,11,4600,33,rain,1003.92,0.2,0,51,27,16,28,28,27,Very High,8,2019-06-23T14:00:00+0900,1561266000,16,10,N,,11,Few Showers,Few Showers,1
51,Sunday,D,1560913337,11,1100,44,rain,1003.8,0.4,0,50,27,16,28,28,27,Moderate,5,2019-06-23T15:00:00+0900,1561269600,16,26,NNE,,11,Showers,Showers,1
50,Sunday,D,1560913337,11,1100,45,rain,1003.9,0.4,0,52,27,16,28,28,27,Moderate,3,2019-06-23T16:00:00+0900,1561273200,16,343,NNW,,10,Showers,Showers,1
57,Sunday,D,1560913337,11,1100,46,rain,1004.26,0.4,0,53,26,16,27,27,26,Low,1,2019-06-23T17:00:00+0900,1561276800,16,355,N,,11,Showers,Showers,1
62,Sunday,D,1560913337,11,1100,41,rain,1004.7,0.24,0,56,25,16,27,27,25,Low,0,2019-06-23T18:00:00+0900,1561280400,16,349,NNW,,11,Showers,Showers,1
61,Sunday,D,1560913337,11,1100,41,rain,1005.36,0.24,0,60,25,16,25,25,25,Low,0,2019-06-23T19:00:00+0900,1561284000,16,345,NNW,,11,Showers,Showers,1
58,Sunday,N,1560913337,11,1100,39,rain,1006.06,0.2,0,64,24,17,24,24,24,Low,0,2019-06-23T20:00:00+0900,1561287600,16,356,N,,9,Showers,Showers,1
44,Sunday,N,1560913337,29,2900,24,rain,1006.6,0.0,0,67,23,17,24,24,23,Low,0,2019-06-23T21:00:00+0900,1561291200,14,357,N,,8,Partly Cloudy,P Cloudy,1
50,Sunday,N,1560913337,11,1100,36,rain,1006.8,0.18,0,68,23,17,23,23,23,Low,0,2019-06-23T22:00:00+0900,1561294800,13,0,N,,8,Showers,Showers,1
50,Sunday,N,1560913337,11,1100,39,rain,1006.86,0.2,0,70,22,16,22,22,22,Low,0,2019-06-23T23:00:00+0900,1561298400,12,356,N,,8,Showers,Showers,1
46,Monday,N,1560913337,29,2900,24,rain,1006.9,0.0,0,73,22,16,22,22,22,Low,0,2019-06-24T00:00:00+0900,1561302000,11,358,N,,7,Partly Cloudy,P Cloudy,1
45,Monday,N,1560913337,29,2900,24,rain,1006.9,0.0,0,74,21,16,21,21,21,Low,0,2019-06-24T01:00:00+0900,1561305600,10,357,N,,8,Partly Cloudy,P Cloudy,1
44,Monday,N,1560913337,29,2900,24,rain,1006.86,0.0,0,76,21,16,21,21,21,Low,0,2019-06-24T02:00:00+0900,1561309200,10,355,N,,7,Partly Cloudy,P Cloudy,1
50,Monday,N,1560913337,11,1100,38,rain,1007.0,0.2,0,76,20,16,21,21,20,Low,0,2019-06-24T03:00:00+0900,1561312800,10,358,N,,7,Showers,Showers,1
50,Monday,N,1560913337,11,1100,38,rain,1007.48,0.2,0,77,20,16,20,20,20,Low,0,2019-06-24T04:00:00+0900,1561316400,10,355,N,,7,Showers,Showers,1
50,Monday,D,1560913337,11,1100,38,rain,1008.16,0.2,0,78,20,16,20,20,20,Low,0,2019-06-24T05:00:00+0900,1561320000,12,349,NNW,,7,Showers,Showers,1
38,Monday,D,1560913337,30,3000,24,rain,1008.7,0.0,0,77,20,16,20,20,20,Low,0,2019-06-24T06:00:00+0900,1561323600,13,353,N,,8,Partly Cloudy,P Cloudy,1
36,Monday,D,1560913337,30,3000,24,rain,1009.12,0.0,0,73,21,16,21,21,21,Low,1,2019-06-24T07:00:00+0900,1561327200,16,0,N,,8,Partly Cloudy,P Cloudy,1
34,Monday,D,1560913337,30,3000,22,rain,1009.5,0.0,0,67,22,16,22,22,22,Moderate,3,2019-06-24T08:00:00+0900,1561330800,16,22,NNE,,8,Partly Cloudy,P Cloudy,1
40,Monday,D,1560913337,11,4600,31,rain,1009.7,0.26,0,63,23,16,23,23,23,Moderate,5,2019-06-24T09:00:00+0900,1561334400,16,25,NNE,,8,Few Showers,Few Showers,1
36,Monday,D,1560913337,30,3000,24,rain,1009.8,0.0,0,58,24,15,24,24,24,Very High,8,2019-06-24T10:00:00+0900,1561338000,16,8,N,,7,Partly Cloudy,P Cloudy,1
40,Monday,D,1560913337,30,3000,24,rain,1009.8,0.0,0,55,25,16,26,26,25,Very High,10,2019-06-24T11:00:00+0900,1561341600,16,333,NNW,,8,Partly Cloudy,P Cloudy,1
44,Monday,D,1560913337,11,4600,31,rain,1009.7,0.29,0,52,26,15,27,27,26,Very High,10,2019-06-24T12:00:00+0900,1561345200,16,323,NW,,8,Few Showers,Few Showers,1
45,Monday,D,1560913337,11,4600,31,rain,1009.62,0.29,0,51,27,16,28,28,27,Very High,10,2019-06-24T13:00:00+0900,1561348800,16,316,NW,,9,Few Showers,Few Showers,1
45,Monday,D,1560913337,11,4600,31,rain,1009.56,0.29,0,51,27,15,27,27,27,Very High,8,2019-06-24T14:00:00+0900,1561352400,16,321,NW,,10,Few Showers,Few Showers,1
44,Monday,D,1560913337,30,3000,23,rain,1009.5,0.0,0,50,26,15,27,27,26,Moderate,5,2019-06-24T15:00:00+0900,1561356000,16,324,NW,,10,Partly Cloudy,P Cloudy,1
41,Monday,D,1560913337,30,3000,23,rain,1009.7,0.0,0,52,26,16,27,27,26,Moderate,3,2019-06-24T16:00:00+0900,1561359600,16,314,NW,,9,Partly Cloudy,P Cloudy,1
37,Monday,D,1560913337,30,3000,24,rain,1010.0,0.0,0,52,26,15,27,27,26,Low,1,2019-06-24T17:00:00+0900,1561363200,16,332,NNW,,10,Partly Cloudy,P Cloudy,1
33,Monday,D,1560913337,30,3000,22,rain,1010.46,0.0,0,54,25,16,27,27,25,Low,0,2019-06-24T18:00:00+0900,1561366800,16,340,NNW,,10,Partly Cloudy,P Cloudy,1
32,Monday,D,1560913337,30,3000,22,rain,1011.1,0.0,0,57,25,16,25,25,25,Low,0,2019-06-24T19:00:00+0900,1561370400,16,343,NNW,,9,Partly Cloudy,P Cloudy,1
32,Monday,N,1560913337,29,2900,24,rain,1011.86,0.0,0,61,24,16,24,24,24,Low,0,2019-06-24T20:00:00+0900,1561374000,16,355,N,,9,Partly Cloudy,P Cloudy,1
31,Monday,N,1560913337,29,2900,21,rain,1012.4,0.0,0,64,23,16,23,23,23,Low,0,2019-06-24T21:00:00+0900,1561377600,15,0,N,,8,Partly Cloudy,P Cloudy,1
32,Monday,N,1560913337,29,2900,22,rain,1012.1,0.0,0,67,22,16,22,22,22,Low,0,2019-06-24T22:00:00+0900,1561381200,14,9,N,,8,Partly Cloudy,P Cloudy,1
28,Monday,N,1560913337,33,3300,23,rain,1012.16,0.0,0,70,21,16,21,21,21,Low,0,2019-06-24T23:00:00+0900,1561384800,13,7,N,,8,Mostly Clear,M Clear,1
27,Tuesday,N,1560913337,33,3300,24,rain,1012.2,0.0,0,73,21,16,21,21,21,Low,0,2019-06-25T00:00:00+0900,1561388400,12,9,N,,7,Mostly Clear,M Clear,1
29,Tuesday,N,1560913337,33,3300,24,rain,1012.16,0.0,0,73,20,15,20,20,20,Low,0,2019-06-25T01:00:00+0900,1561392000,10,10,N,,8,Mostly Clear,M Clear,1
30,Tuesday,N,1560913337,29,2900,24,rain,1012.16,0.0,0,74,20,15,20,20,20,Low,0,2019-06-25T02:00:00+0900,1561395600,10,9,N,,7,Partly Cloudy,P Cloudy,1
30,Tuesday,N,1560913337,29,2900,18,rain,1012.2,0.0,0,75,20,15,20,20,20,Low,0,2019-06-25T03:00:00+0900,1561399200,10,16,NNE,,7,Partly Cloudy,P Cloudy,1
30,Tuesday,N,1560913337,29,2900,18,rain,1012.4,0.0,0,76,20,15,20,20,20,Low,0,2019-06-25T04:00:00+0900,1561402800,10,16,NNE,,7,Partly Cloudy,P Cloudy,1
28,Tuesday,D,1560913337,34,3400,18,rain,1012.7,0.0,0,76,19,15,19,19,19,Low,0,2019-06-25T05:00:00+0900,1561406400,12,16,NNE,,7,Mostly Sunny,M Sunny,1
26,Tuesday,D,1560913337,34,3400,17,rain,1013.0,0.0,0,76,20,15,20,20,20,Low,0,2019-06-25T06:00:00+0900,1561410000,13,22,NNE,,8,Mostly Sunny,M Sunny,1
23,Tuesday,D,1560913337,34,3400,16,rain,1013.3,0.0,0,73,21,16,21,21,21,Low,1,2019-06-25T07:00:00+0900,1561413600,16,32,NNE,,8,Mostly Sunny,M Sunny,1
20,Tuesday,D,1560913337,34,3400,14,rain,1013.5,0.0,0,67,22,16,22,22,22,Moderate,3,2019-06-25T08:00:00+0900,1561417200,16,47,NE,,8,Mostly Sunny,M Sunny,1
19,Tuesday,D,1560913337,32,3200,13,rain,1013.56,0.0,0,62,24,16,24,24,24,Moderate,5,2019-06-25T09:00:00+0900,1561420800,16,54,NE,,8,Sunny,Sunny,1
18,Tuesday,D,1560913337,32,3200,12,rain,1013.4,0.0,0,57,25,16,26,26,25,Very High,8,2019-06-25T10:00:00+0900,1561424400,16,53,NE,,8,Sunny,Sunny,1
18,Tuesday,D,1560913337,32,3200,11,rain,1013.0,0.0,0,53,26,16,27,27,26,Very High,10,2019-06-25T11:00:00+0900,1561428000,16,59,ENE,,8,Sunny,Sunny,1
18,Tuesday,D,1560913337,32,3200,11,rain,1012.66,0.0,0,50,27,16,28,28,27,Very High,10,2019-06-25T12:00:00+0900,1561431600,16,36,NE,,9,Sunny,Sunny,1
20,Tuesday,D,1560913337,34,3400,11,rain,1012.3,0.0,0,47,28,16,29,29,28,Very High,10,2019-06-25T13:00:00+0900,1561435200,16,51,NE,,10,Mostly Sunny,M Sunny,1
22,Tuesday,D,1560913337,34,3400,11,rain,1011.9,0.0,0,45,28,15,29,29,28,Very High,8,2019-06-25T14:00:00+0900,1561438800,16,335,NNW,,11,Mostly Sunny,M Sunny,1
25,Tuesday,D,1560913337,34,3400,14,rain,1011.7,0.0,0,44,28,15,29,29,28,Moderate,5,2019-06-25T15:00:00+0900,1561442400,16,299,WNW,,10,Mostly Sunny,M Sunny,1
30,Tuesday,D,1560913337,30,3000,14,rain,1011.76,0.0,0,47,28,15,28,28,28,Moderate,3,2019-06-25T16:00:00+0900,1561446000,16,259,WSW,,9,Partly Cloudy,P Cloudy,1
37,Tuesday,D,1560913337,30,3000,14,rain,1012.0,0.0,0,48,27,15,28,28,27,Low,1,2019-06-25T17:00:00+0900,1561449600,16,282,WNW,,9,Partly Cloudy,P Cloudy,1
42,Tuesday,D,1560913337,30,3000,14,rain,1012.3,0.0,0,52,26,16,27,27,26,Low,0,2019-06-25T18:00:00+0900,1561453200,16,287,WNW,,8,Partly Cloudy,P Cloudy,1
38,Tuesday,D,1560913337,30,3000,16,rain,1012.74,0.0,0,57,25,16,27,27,25,Low,0,2019-06-25T19:00:00+0900,1561456800,16,301,WNW,,8,Partly Cloudy,P Cloudy,1
27,Tuesday,N,1560913337,33,3300,17,rain,1013.2,0.0,0,61,24,16,24,24,24,Low,0,2019-06-25T20:00:00+0900,1561460400,16,325,NW,,7,Mostly Clear,M Clear,1
22,Tuesday,N,1560913337,33,3300,20,rain,1013.54,0.0,0,66,23,17,24,24,23,Low,0,2019-06-25T21:00:00+0900,1561464000,15,339,NNW,,6,Mostly Clear,M Clear,1
23,Tuesday,N,1560913337,33,3300,20,rain,1013.64,0.0,0,68,23,17,23,23,23,Low,0,2019-06-25T22:00:00+0900,1561467600,14,352,N,,6,Mostly Clear,M Clear,1
23,Tuesday,N,1560913337,33,3300,21,rain,1013.64,0.0,0,71,22,17,22,22,22,Low,0,2019-06-25T23:00:00+0900,1561471200,13,353,N,,6,Mostly Clear,M Clear,1
24,Wednesday,N,1560913337,33,3300,22,rain,1013.56,0.0,0,74,22,17,22,22,22,Low,0,2019-06-26T00:00:00+0900,1561474800,11,3,N,,6,Mostly Clear,M Clear,1
25,Wednesday,N,1560913337,33,3300,22,rain,1013.3,0.0,0,74,21,16,21,21,21,Low,0,2019-06-26T01:00:00+0900,1561478400,9,12,NNE,,7,Mostly Clear,M Clear,1
26,Wednesday,N,1560913337,33,3300,22,rain,1013.0,0.0,0,76,21,16,21,21,21,Low,0,2019-06-26T02:00:00+0900,1561482000,9,18,NNE,,7,Mostly Clear,M Clear,1
28,Wednesday,N,1560913337,33,3300,23,rain,1012.84,0.0,0,77,20,16,21,21,20,Low,0,2019-06-26T03:00:00+0900,1561485600,9,32,NNE,,7,Mostly Clear,M Clear,1
30,Wednesday,N,1560913337,29,2900,22,rain,1012.86,0.0,0,78,20,16,20,20,20,Low,0,2019-06-26T04:00:00+0900,1561489200,10,41,NE,,7,Partly Cloudy,P Cloudy,1
35,Wednesday,D,1560913337,30,3000,22,rain,1012.96,0.0,0,79,20,16,20,20,20,Low,0,2019-06-26T05:00:00+0900,1561492800,11,42,NE,,7,Partly Cloudy,P Cloudy,1
41,Wednesday,D,1560913337,30,3000,20,rain,1013.0,0.0,0,78,21,17,21,21,21,Low,0,2019-06-26T06:00:00+0900,1561496400,13,48,NE,,8,Partly Cloudy,P Cloudy,1
47,Wednesday,D,1560913337,30,3000,18,rain,1013.0,0.0,0,74,22,17,22,22,22,Low,1,2019-06-26T07:00:00+0900,1561500000,16,60,ENE,,8,Partly Cloudy,P Cloudy,1
52,Wednesday,D,1560913337,30,3000,16,rain,1013.0,0.0,0,68,23,17,24,24,23,Moderate,3,2019-06-26T08:00:00+0900,1561503600,16,73,ENE,,8,Partly Cloudy,P Cloudy,1
54,Wednesday,D,1560913337,30,3000,24,rain,1012.89,0.0,0,62,25,17,26,26,25,Moderate,5,2019-06-26T09:00:00+0900,1561507200,16,86,E,,7,Partly Cloudy,P Cloudy,1
56,Wednesday,D,1560913337,30,3000,24,rain,1012.5,0.0,0,57,26,17,27,27,26,High,7,2019-06-26T10:00:00+0900,1561510800,16,94,E,,7,Partly Cloudy,P Cloudy,1
57,Wednesday,D,1560913337,30,3000,23,rain,1012.1,0.0,0,54,27,17,28,28,27,Very High,9,2019-06-26T11:00:00+0900,1561514400,16,130,SE,,8,Partly Cloudy,P Cloudy,1
58,Wednesday,D,1560913337,30,3000,24,rain,1011.6,0.0,0,50,28,17,29,29,28,Very High,9,2019-06-26T12:00:00+0900,1561518000,16,158,SSE,,9,Partly Cloudy,P Cloudy,1
59,Wednesday,D,1560913337,30,3000,24,rain,1011.1,0.0,0,48,29,16,29,29,29,Very High,9,2019-06-26T13:00:00+0900,1561521600,16,185,S,,11,Partly Cloudy,P Cloudy,1
61,Wednesday,D,1560913337,28,2800,24,rain,1010.6,0.0,0,47,28,16,29,29,28,High,7,2019-06-26T14:00:00+0900,1561525200,16,204,SSW,,13,Mostly Cloudy,M Cloudy,1
62,Wednesday,D,1560913337,11,1100,36,rain,1010.2,0.30000000000000004,0,48,28,16,29,29,28,Moderate,5,2019-06-26T15:00:00+0900,1561528800,16,207,SSW,,13,Showers,Showers,1
65,Wednesday,D,1560913337,11,1100,36,rain,1009.96,0.30000000000000004,0,52,27,17,29,29,27,Low,2,2019-06-26T16:00:00+0900,1561532400,16,213,SSW,,12,Showers,Showers,1
69,Wednesday,D,1560913337,11,1100,37,rain,1009.9,0.30000000000000004,0,54,27,17,28,28,27,Low,1,2019-06-26T17:00:00+0900,1561536000,16,213,SSW,,13,Showers,Showers,1
72,Wednesday,D,1560913337,11,1100,41,rain,1009.9,0.30000000000000004,0,58,26,17,28,28,26,Low,0,2019-06-26T18:00:00+0900,1561539600,16,222,SW,,12,Showers,Showers,1
71,Wednesday,D,1560913337,11,1100,42,rain,1010.06,0.30000000000000004,0,63,25,18,27,27,25,Low,0,2019-06-26T19:00:00+0900,1561543200,16,235,SW,,11,Showers,Showers,1
67,Wednesday,N,1560913337,11,1100,43,rain,1010.26,0.30000000000000004,0,68,24,18,25,25,24,Low,0,2019-06-26T20:00:00+0900,1561546800,15,229,SW,,10,Showers,Showers,1
100,Wednesday,N,1560913337,12,1200,61,rain,1010.3,0.8,0,71,24,18,24,24,24,Low,0,2019-06-26T21:00:00+0900,1561550400,11,323,NW,,9,Rain,Rain,1
100,Wednesday,N,1560913337,12,1200,61,rain,1010.2,0.8,0,73,23,18,24,24,23,Low,0,2019-06-26T22:00:00+0900,1561554000,11,45,NE,,9,Rain,Rain,1
100,Wednesday,N,1560913337,12,1200,60,rain,1009.96,0.78,0,75,23,18,24,24,23,Low,0,2019-06-26T23:00:00+0900,1561557600,11,21,NNE,,9,Rain,Rain,1
100,Thursday,N,1560913337,12,1200,60,rain,1009.64,0.76,0,76,23,19,24,24,23,Low,0,2019-06-27T00:00:00+0900,1561561200,11,23,NNE,,9,Rain,Rain,1
100,Thursday,N,1560913337,12,1200,60,rain,1009.3,0.76,0,77,23,19,24,24,23,Low,0,2019-06-27T01:00:00+0900,1561564800,11,30,NNE,,10,Rain,Rain,1
100,Thursday,N,1560913337,12,1200,60,rain,1008.99,0.76,0,79,23,19,24,24,23,Low,0,2019-06-27T02:00:00+0900,1561568400,11,39,NE,,10,Rain,Rain,1
100,Thursday,N,1560913337,12,1200,60,rain,1008.74,0.76,0,79,23,19,23,23,23,Low,0,2019-06-27T03:00:00+0900,1561572000,10,57,ENE,,10,Rain,Rain,1
100,Thursday,N,1560913337,12,1200,60,rain,1008.6,0.76,0,81,22,19,23,23,22,Low,0,2019-06-27T04:00:00+0900,1561575600,10,59,ENE,,10,Rain,Rain,1
100,Thursday,D,1560913337,12,1200,60,rain,1008.5,0.76,0,81,22,19,23,23,22,Low,0,2019-06-27T05:00:00+0900,1561579200,11,58,ENE,,10,Rain,Rain,1
100,Thursday,D,1560913337,12,1200,60,rain,1008.4,0.76,0,81,22,19,23,23,22,Low,0,2019-06-27T06:00:00+0900,1561582800,11,58,ENE,,11,Rain,Rain,1
100,Thursday,D,1560913337,12,1200,60,rain,1008.34,0.76,0,79,23,19,23,23,23,Low,1,2019-06-27T07:00:00+0900,1561586400,11,73,ENE,,11,Rain,Rain,1
100,Thursday,D,1560913337,12,1200,60,rain,1008.24,0.76,0,77,23,19,24,24,23,Low,1,2019-06-27T08:00:00+0900,1561590000,11,89,E,,12,Rain,Rain,1
89,Thursday,D,1560913337,11,1100,57,rain,1008.09,0.76,0,74,24,19,25,25,24,Low,2,2019-06-27T09:00:00+0900,1561593600,14,109,ESE,,11,Showers,Showers,1
89,Thursday,D,1560913337,11,1100,59,rain,1007.8,0.76,0,71,25,19,26,26,25,Moderate,3,2019-06-27T10:00:00+0900,1561597200,14,126,SE,,11,Showers,Showers,1
100,Thursday,D,1560913337,12,1200,60,rain,1007.4,0.76,0,68,25,19,27,27,25,Moderate,4,2019-06-27T11:00:00+0900,1561600800,11,154,SSE,,11,Rain,Rain,1
100,Thursday,D,1560913337,12,1200,60,rain,1006.99,0.76,0,66,26,19,28,28,26,Moderate,5,2019-06-27T12:00:00+0900,1561604400,11,167,SSE,,13,Rain,Rain,1
100,Thursday,D,1560913337,12,1200,60,rain,1006.49,0.76,0,65,26,19,28,28,26,High,6,2019-06-27T13:00:00+0900,1561608000,11,178,S,,15,Rain,Rain,1
100,Thursday,D,1560913337,12,1200,60,rain,1005.99,0.76,0,65,26,19,28,28,26,Moderate,5,2019-06-27T14:00:00+0900,1561611600,11,185,S,,17,Rain,Rain,1
85,Thursday,D,1560913337,11,1201,60,rain,1005.6,0.6000000000000001,0,66,26,19,28,28,26,Moderate,3,2019-06-27T15:00:00+0900,1561615200,15,187,S,,17,Light Rain,Light Rain,1
86,Thursday,D,1560913337,11,1201,60,rain,1005.49,0.59,0,68,26,20,28,28,26,Low,2,2019-06-27T16:00:00+0900,1561618800,15,196,SSW,,16,Light Rain,Light Rain,1
87,Thursday,D,1560913337,11,1201,60,rain,1005.49,0.56,0,69,26,19,28,28,26,Low,1,2019-06-27T17:00:00+0900,1561622400,15,189,S,,17,Light Rain,Light Rain,1
88,Thursday,D,1560913337,11,1201,60,rain,1005.56,0.5,0,70,25,20,27,27,25,Low,0,2019-06-27T18:00:00+0900,1561626000,15,189,S,,16,Light Rain,Light Rain,1
89,Thursday,D,1560913337,11,1201,60,rain,1005.7,0.5,0,71,25,19,27,27,25,Low,0,2019-06-27T19:00:00+0900,1561629600,15,197,SSW,,14,Light Rain,Light Rain,1
89,Thursday,N,1560913337,11,1201,60,rain,1005.84,0.5,0,73,25,19,27,27,25,Low,0,2019-06-27T20:00:00+0900,1561633200,14,190,S,,13,Light Rain,Light Rain,1
100,Thursday,N,1560913337,12,1200,60,rain,1005.84,0.7000000000000001,0,75,24,20,26,26,24,Low,0,2019-06-27T21:00:00+0900,1561636800,11,192,SSW,,12,Rain,Rain,1
100,Thursday,N,1560913337,12,1200,60,rain,1005.59,0.76,0,77,24,20,25,25,24,Low,0,2019-06-27T22:00:00+0900,1561640400,11,166,SSE,,11,Rain,Rain,1
100,Thursday,N,1560913337,12,1200,60,rain,1005.1,0.76,0,78,24,20,25,25,24,Low,0,2019-06-27T23:00:00+0900,1561644000,10,154,SSE,,11,Rain,Rain,1
100,Friday,N,1560913337,12,1200,60,rain,1004.56,0.76,0,79,24,20,25,25,24,Low,0,2019-06-28T00:00:00+0900,1561647600,8,127,SE,,11,Rain,Rain,1
100,Friday,N,1560913337,12,1200,60,rain,1003.89,0.76,0,79,24,20,25,25,24,Low,0,2019-06-28T01:00:00+0900,1561651200,8,104,ESE,,11,Rain,Rain,1
100,Friday,N,1560913337,12,1200,60,rain,1003.24,0.76,0,80,24,20,25,25,24,Low,0,2019-06-28T02:00:00+0900,1561654800,8,111,ESE,,11,Rain,Rain,1
100,Friday,N,1560913337,12,1200,60,rain,1002.8,0.76,0,79,24,20,25,25,24,Low,0,2019-06-28T03:00:00+0900,1561658400,8,101,E,,12,Rain,Rain,1
100,Friday,N,1560913337,12,1200,60,rain,1002.64,0.76,0,80,23,20,24,24,23,Low,0,2019-06-28T04:00:00+0900,1561662000,9,105,ESE,,12,Rain,Rain,1
100,Friday,D,1560913337,12,1200,60,rain,1002.54,0.76,0,81,23,20,24,24,23,Low,0,2019-06-28T05:00:00+0900,1561665600,11,109,ESE,,13,Rain,Rain,1
100,Friday,D,1560913337,12,1200,60,rain,1002.46,0.76,0,81,23,20,24,24,23,Low,0,2019-06-28T06:00:00+0900,1561669200,11,106,ESE,,15,Rain,Rain,1
100,Friday,D,1560913337,12,1200,60,rain,1002.36,0.76,0,79,24,20,24,24,24,Low,1,2019-06-28T07:00:00+0900,1561672800,11,118,ESE,,15,Rain,Rain,1
100,Friday,D,1560913337,12,1200,60,rain,1002.2,0.76,0,76,24,20,25,25,24,Low,2,2019-06-28T08:00:00+0900,1561676400,11,122,ESE,,14,Rain,Rain,1
80,Friday,D,1560913337,11,1100,55,rain,1002.0,0.30000000000000004,0,74,25,20,27,27,25,Moderate,3,2019-06-28T09:00:00+0900,1561680000,15,148,SSE,,14,Showers,Showers,1
79,Friday,D,1560913337,11,1100,53,rain,1001.8,0.30000000000000004,0,70,25,20,27,27,25,Moderate,5,2019-06-28T10:00:00+0900,1561683600,15,175,S,,13,Showers,Showers,1
78,Friday,D,1560913337,11,1100,51,rain,1001.6,0.30000000000000004,0,67,26,20,28,28,26,High,6,2019-06-28T11:00:00+0900,1561687200,15,189,S,,13,Showers,Showers,1
77,Friday,D,1560913337,11,1100,44,rain,1001.44,0.30000000000000004,0,65,27,20,29,29,27,High,7,2019-06-28T12:00:00+0900,1561690800,16,201,SSW,,14,Showers,Showers,1
76,Friday,D,1560913337,11,1100,44,rain,1001.24,0.36,0,64,27,20,29,29,27,High,6,2019-06-28T13:00:00+0900,1561694400,16,202,SSW,,15,Showers,Showers,1
75,Friday,D,1560913337,38,3800,44,rain,1001.1,0.4,0,63,27,20,29,29,27,High,6,2019-06-28T14:00:00+0900,1561698000,16,211,SSW,,16,Scattered Thunderstorms,Sct T-Storms,2
74,Friday,D,1560913337,37,3700,34,rain,1001.0,0.2,0,64,27,20,29,29,27,Moderate,4,2019-06-28T15:00:00+0900,1561701600,16,213,SSW,,16,Isolated Thunderstorms,Iso T-Storms,2
70,Friday,D,1560913337,37,3700,34,rain,1001.0,0.2,0,67,27,20,29,29,27,Low,2,2019-06-28T16:00:00+0900,1561705200,16,217,SW,,15,Isolated Thunderstorms,Iso T-Storms,2
63,Friday,D,1560913337,38,3800,35,rain,1001.1,0.2,0,66,27,20,28,28,27,Low,1,2019-06-28T17:00:00+0900,1561708800,16,220,SW,,16,Scattered Thunderstorms,Sct T-Storms,2
59,Friday,D,1560913337,11,1100,37,rain,1001.26,0.2,0,68,26,20,28,28,26,Low,0,2019-06-28T18:00:00+0900,1561712400,16,221,SW,,15,Showers,Showers,1
61,Friday,D,1560913337,11,1100,38,rain,1001.5,0.2,0,69,26,20,28,28,26,Low,0,2019-06-28T19:00:00+0900,1561716000,16,233,SW,,13,Showers,Showers,1
64,Friday,N,1560913337,11,1100,39,rain,1001.8,0.2,0,71,25,20,27,27,25,Low,0,2019-06-28T20:00:00+0900,1561719600,15,229,SW,,12,Showers,Showers,1
67,Friday,N,1560913337,11,1100,54,rain,1002.1,0.30000000000000004,0,73,25,20,27,27,25,Low,0,2019-06-28T21:00:00+0900,1561723200,14,234,SW,,11,Showers,Showers,1
78,Friday,N,1560913337,11,1100,54,rain,1005.5,0.30000000000000004,0,74,25,20,27,27,25,Low,0,2019-06-28T22:00:00+0900,1561726800,12,210,SSW,,9,Showers,Showers,1
78,Friday,N,1560913337,11,1100,54,rain,1005.4,0.30000000000000004,0,75,25,20,27,27,25,Low,0,2019-06-28T23:00:00+0900,1561730400,11,241,WSW,,9,Showers,Showers,1
80,Saturday,N,1560913337,11,1201,60,rain,1005.2,0.30000000000000004,0,77,24,20,26,26,24,Low,0,2019-06-29T00:00:00+0900,1561734000,10,245,WSW,,8,Light Rain,Light Rain,1
80,Saturday,N,1560913337,11,1201,60,rain,1005.0,0.30000000000000004,0,78,24,20,26,26,24,Low,0,2019-06-29T01:00:00+0900,1561737600,10,297,WNW,,9,Light Rain,Light Rain,1
80,Saturday,N,1560913337,11,1201,60,rain,1004.8,0.30000000000000004,0,80,24,20,25,25,24,Low,0,2019-06-29T02:00:00+0900,1561741200,9,275,W,,8,Light Rain,Light Rain,1
80,Saturday,N,1560913337,11,1201,60,rain,1004.6,0.4,0,80,23,20,24,24,23,Low,0,2019-06-29T03:00:00+0900,1561744800,9,358,N,,8,Light Rain,Light Rain,1
80,Saturday,N,1560913337,11,1201,60,rain,1004.5,0.4,0,82,23,20,24,24,23,Low,0,2019-06-29T04:00:00+0900,1561748400,10,39,NE,,9,Light Rain,Light Rain,1
80,Saturday,D,1560913337,11,1201,60,rain,1004.5,0.4,0,82,23,20,24,24,23,Low,0,2019-06-29T05:00:00+0900,1561752000,11,21,NNE,,9,Light Rain,Light Rain,1
100,Saturday,D,1560913337,12,1200,60,rain,1004.5,0.76,0,82,23,20,24,24,23,Low,0,2019-06-29T06:00:00+0900,1561755600,11,43,NE,,9,Rain,Rain,1
100,Saturday,D,1560913337,12,1200,60,rain,1004.6,0.76,0,80,23,20,24,24,23,Low,1,2019-06-29T07:00:00+0900,1561759200,11,76,ENE,,9,Rain,Rain,1
77,Saturday,D,1560913337,4,400,60,rain,1004.7,0.76,0,78,24,20,25,25,24,Low,2,2019-06-29T08:00:00+0900,1561762800,11,102,E,,10,Thunderstorms,T-Storms,2
77,Saturday,D,1560913337,4,400,60,rain,1004.7,0.76,0,75,25,20,27,27,25,Moderate,3,2019-06-29T09:00:00+0900,1561766400,11,126,SE,,10,Thunderstorms,T-Storms,2
77,Saturday,D,1560913337,4,400,60,rain,1004.5,0.76,0,71,25,20,27,27,25,Moderate,5,2019-06-29T10:00:00+0900,1561770000,11,150,SSE,,10,Thunderstorms,T-Storms,2
100,Saturday,D,1560913337,12,1200,60,rain,1004.2,0.76,0,69,26,20,28,28,26,High,6,2019-06-29T11:00:00+0900,1561773600,11,179,S,,10,Rain,Rain,1
100,Saturday,D,1560913337,12,1200,60,rain,1003.72,0.76,0,66,27,20,29,29,27,High,7,2019-06-29T12:00:00+0900,1561777200,11,195,SSW,,11,Rain,Rain,1
100,Saturday,D,1560913337,12,1200,60,rain,1003.28,0.76,0,64,27,20,29,29,27,High,6,2019-06-29T13:00:00+0900,1561780800,11,195,SSW,,12,Rain,Rain,1
100,Saturday,D,1560913337,12,1200,60,rain,1002.88,0.76,0,63,27,20,29,29,27,Moderate,5,2019-06-29T14:00:00+0900,1561784400,11,207,SSW,,13,Rain,Rain,1
80,Saturday,D,1560913337,11,1201,60,rain,1002.6,0.6000000000000001,0,64,27,20,29,29,27,Moderate,4,2019-06-29T15:00:00+0900,1561788000,16,207,SSW,,13,Light Rain,Light Rain,1
80,Saturday,D,1560913337,11,1201,60,rain,1002.5,0.6000000000000001,0,66,27,20,29,29,27,Low,2,2019-06-29T16:00:00+0900,1561791600,16,209,SSW,,12,Light Rain,Light Rain,1
80,Saturday,D,1560913337,11,1201,60,rain,1002.6,0.6000000000000001,0,66,27,20,29,29,27,Low,1,2019-06-29T17:00:00+0900,1561795200,16,211,SSW,,13,Light Rain,Light Rain,1
80,Saturday,D,1560913337,11,1201,60,rain,1002.76,0.5,0,67,26,20,28,28,26,Low,0,2019-06-29T18:00:00+0900,1561798800,16,214,SW,,12,Light Rain,Light Rain,1
80,Saturday,D,1560913337,11,1201,60,rain,1003.0,0.5,0,69,26,20,28,28,26,Low,0,2019-06-29T19:00:00+0900,1561802400,16,223,SW,,11,Light Rain,Light Rain,1
80,Saturday,N,1560913337,11,1201,60,rain,1003.3,0.5,0,72,25,20,27,27,25,Low,0,2019-06-29T20:00:00+0900,1561806000,14,213,SSW,,11,Light Rain,Light Rain,1
80,Saturday,N,1560913337,11,1201,60,rain,1003.5,0.4,0,74,25,20,27,27,25,Low,0,2019-06-29T21:00:00+0900,1561809600,13,221,SW,,10,Light Rain,Light Rain,1
80,Saturday,N,1560913337,11,1201,60,rain,1003.56,0.36,0,76,25,20,27,27,25,Low,0,2019-06-29T22:00:00+0900,1561813200,13,211,SSW,,9,Light Rain,Light Rain,1
80,Saturday,N,1560913337,11,1201,60,rain,1003.5,0.30000000000000004,0,77,25,20,27,27,25,Low,0,2019-06-29T23:00:00+0900,1561816800,12,236,SW,,9,Light Rain,Light Rain,1
76,Sunday,N,1560913337,11,1100,55,rain,1003.5,0.30000000000000004,0,79,24,20,26,26,24,Low,0,2019-06-30T00:00:00+0900,1561820400,10,248,WSW,,8,Showers,Showers,1
80,Sunday,N,1560913337,11,1201,60,rain,1003.4,0.30000000000000004,0,79,24,20,26,26,24,Low,0,2019-06-30T01:00:00+0900,1561824000,9,281,W,,8,Light Rain,Light Rain,1
80,Sunday,N,1560913337,11,1201,60,rain,1003.3,0.30000000000000004,0,81,24,20,25,25,24,Low,0,2019-06-30T02:00:00+0900,1561827600,9,270,W,,8,Light Rain,Light Rain,1
76,Sunday,N,1560913337,11,1100,54,rain,1003.3,0.22,0,81,24,20,25,25,24,Low,0,2019-06-30T03:00:00+0900,1561831200,9,225,SW,,8,Showers,Showers,1
76,Sunday,N,1560913337,11,1100,53,rain,1003.4,0.2,0,83,23,20,24,24,23,Low,0,2019-06-30T04:00:00+0900,1561834800,9,73,ENE,,8,Showers,Showers,1
76,Sunday,D,1560913337,11,1100,52,rain,1003.8,0.2,0,84,23,20,24,24,23,Low,0,2019-06-30T05:00:00+0900,1561838400,11,348,NNW,,8,Showers,Showers,1
77,Sunday,D,1560913337,11,1100,50,rain,1004.0,0.2,0,83,23,20,24,24,23,Low,0,2019-06-30T06:00:00+0900,1561842000,13,37,NE,,9,Showers,Showers,1
75,Sunday,D,1560913337,11,1100,48,rain,1004.2,0.2,0,79,24,20,25,25,24,Low,1,2019-06-30T07:00:00+0900,1561845600,16,79,ENE,,9,Showers,Showers,1
73,Sunday,D,1560913337,11,1100,46,rain,1004.4,0.2,0,77,24,20,27,27,24,Low,2,2019-06-30T08:00:00+0900,1561849200,16,103,ESE,,10,Showers,Showers,1
71,Sunday,D,1560913337,11,1100,50,rain,1004.4,0.30000000000000004,0,73,25,20,27,27,25,Moderate,4,2019-06-30T09:00:00+0900,1561852800,16,131,SE,,10,Showers,Showers,1
73,Sunday,D,1560913337,11,1100,50,rain,1004.26,0.30000000000000004,0,69,26,20,28,28,26,High,6,2019-06-30T10:00:00+0900,1561856400,16,164,SSE,,10,Showers,Showers,1
76,Sunday,D,1560913337,11,1100,51,rain,1004.0,0.30000000000000004,0,67,26,20,28,28,26,High,6,2019-06-30T11:00:00+0900,1561860000,16,180,S,,11,Showers,Showers,1
78,Sunday,D,1560913337,11,1100,51,rain,1003.6,0.30000000000000004,0,64,27,20,29,29,27,High,7,2019-06-30T12:00:00+0900,1561863600,16,191,S,,12,Showers,Showers,1
80,Sunday,D,1560913337,11,1100,52,rain,1003.2,0.30000000000000004,0,63,27,20,29,29,27,High,6,2019-06-30T13:00:00+0900,1561867200,16,193,SSW,,13,Showers,Showers,1
81,Sunday,D,1560913337,11,1100,53,rain,1002.9,0.30000000000000004,0,63,27,19,29,29,27,Moderate,5,2019-06-30T14:00:00+0900,1561870800,16,202,SSW,,14,Showers,Showers,1
82,Sunday,D,1560913337,11,1201,60,rain,1002.7,0.6000000000000001,0,63,27,19,29,29,27,Moderate,3,2019-06-30T15:00:00+0900,1561874400,16,202,SSW,,13,Light Rain,Light Rain,1
82,Sunday,D,1560913337,11,1201,60,rain,1002.7,0.59,0,66,27,20,29,29,27,Low,2,2019-06-30T16:00:00+0900,1561878000,16,208,SSW,,12,Light Rain,Light Rain,1
82,Sunday,D,1560913337,11,1201,60,rain,1002.99,0.5,0,66,27,20,29,29,27,Low,1,2019-06-30T17:00:00+0900,1561881600,16,208,SSW,,13,Light Rain,Light Rain,1
81,Sunday,D,1560913337,11,1201,60,rain,1003.26,0.5,0,68,26,20,28,28,26,Low,0,2019-06-30T18:00:00+0900,1561885200,16,214,SSW,,13,Light Rain,Light Rain,1
80,Sunday,D,1560913337,11,1201,60,rain,1003.6,0.5,0,69,26,20,28,28,26,Low,0,2019-06-30T19:00:00+0900,1561888800,16,226,SW,,12,Light Rain,Light Rain,1
80,Sunday,N,1560913337,11,1201,60,rain,1003.96,0.46,0,71,26,20,28,28,26,Low,0,2019-06-30T20:00:00+0900,1561892400,14,220,SW,,11,Light Rain,Light Rain,1
80,Sunday,N,1560913337,11,1201,60,rain,1004.16,0.4,0,73,25,20,27,27,25,Low,0,2019-06-30T21:00:00+0900,1561896000,13,223,SW,,10,Light Rain,Light Rain,1
80,Sunday,N,1560913337,11,1201,60,rain,1004.14,0.44,0,74,25,20,27,27,25,Low,0,2019-06-30T22:00:00+0900,1561899600,13,202,SSW,,10,Light Rain,Light Rain,1
80,Sunday,N,1560913337,11,1201,60,rain,1004.0,0.5,0,75,25,20,27,27,25,Low,0,2019-06-30T23:00:00+0900,1561903200,12,222,SW,,9,Light Rain,Light Rain,1
81,Monday,N,1560913337,11,1201,60,rain,1003.7,0.6000000000000001,0,77,25,20,27,27,25,Low,0,2019-07-01T00:00:00+0900,1561906800,11,216,SW,,9,Light Rain,Light Rain,1
100,Monday,N,1560913337,12,1200,60,rain,1003.4,0.7000000000000001,0,76,25,20,27,27,25,Low,0,2019-07-01T01:00:00+0900,1561910400,10,270,W,,9,Rain,Rain,1
100,Monday,N,1560913337,12,1200,60,rain,1003.0,0.7000000000000001,0,78,24,20,27,27,24,Low,0,2019-07-01T02:00:00+0900,1561914000,10,207,SSW,,9,Rain,Rain,1
100,Monday,N,1560913337,12,1200,60,rain,1002.8,0.76,0,78,24,20,26,26,24,Low,0,2019-07-01T03:00:00+0900,1561917600,10,142,SE,,9,Rain,Rain,1
100,Monday,N,1560913337,12,1200,60,rain,1002.66,0.76,0,80,24,20,25,25,24,Low,0,2019-07-01T04:00:00+0900,1561921200,10,105,ESE,,10,Rain,Rain,1
100,Monday,D,1560913337,12,1200,60,rain,1002.6,0.76,0,82,23,20,24,24,23,Low,0,2019-07-01T05:00:00+0900,1561924800,10,90,E,,11,Rain,Rain,1
100,Monday,D,1560913337,12,1200,60,rain,1002.66,0.76,0,83,23,20,24,24,23,Low,0,2019-07-01T06:00:00+0900,1561928400,11,74,ENE,,11,Rain,Rain,1
100,Monday,D,1560913337,12,1200,60,rain,1002.66,0.76,0,81,24,20,25,25,24,Low,1,2019-07-01T07:00:00+0900,1561932000,11,99,E,,11,Rain,Rain,1
100,Monday,D,1560913337,12,1200,60,rain,1002.66,0.76,0,78,24,20,26,26,24,Low,2,2019-07-01T08:00:00+0900,1561935600,11,123,ESE,,12,Rain,Rain,1
100,Monday,D,1560913337,12,1200,60,rain,1002.6,0.76,0,75,25,20,27,27,25,Moderate,3,2019-07-01T09:00:00+0900,1561939200,11,152,SSE,,13,Rain,Rain,1
79,Monday,D,1560913337,4,400,60,rain,1002.5,0.76,0,72,25,20,27,27,25,Moderate,5,2019-07-01T10:00:00+0900,1561942800,11,176,S,,14,Thunderstorms,T-Storms,2
79,Monday,D,1560913337,4,400,60,rain,1002.22,0.76,0,70,26,20,28,28,26,High,6,2019-07-01T11:00:00+0900,1561946400,11,184,S,,14,Thunderstorms,T-Storms,2
79,Monday,D,1560913337,4,400,60,rain,1001.92,0.76,0,68,26,20,29,29,26,High,7,2019-07-01T12:00:00+0900,1561950000,11,190,S,,15,Thunderstorms,T-Storms,2
80,Monday,D,1560913337,4,400,60,rain,1001.6,0.76,0,66,27,20,29,29,27,High,6,2019-07-01T13:00:00+0900,1561953600,11,192,SSW,,16,Thunderstorms,T-Storms,2
80,Monday,D,1560913337,4,400,60,rain,1001.38,0.76,0,66,27,20,29,29,27,Moderate,5,2019-07-01T14:00:00+0900,1561957200,11,201,SSW,,16,Thunderstorms,T-Storms,2
80,Monday,D,1560913337,4,400,60,rain,1001.2,0.76,0,66,27,20,29,29,27,Moderate,4,2019-07-01T15:00:00+0900,1561960800,11,202,SSW,,16,Thunderstorms,T-Storms,2
80,Monday,D,1560913337,4,400,60,rain,1001.3,0.76,0,69,27,20,29,29,27,Low,2,2019-07-01T16:00:00+0900,1561964400,11,206,SSW,,15,Thunderstorms,T-Storms,2
80,Monday,D,1560913337,4,400,60,rain,1001.5,0.6000000000000001,0,68,26,20,29,29,26,Low,1,2019-07-01T17:00:00+0900,1561968000,11,206,SSW,,15,Thunderstorms,T-Storms,2
79,Monday,D,1560913337,4,400,60,rain,1001.82,0.76,0,70,26,20,28,28,26,Low,0,2019-07-01T18:00:00+0900,1561971600,11,206,SSW,,14,Thunderstorms,T-Storms,2
100,Monday,D,1560913337,12,1200,60,rain,1002.22,0.7000000000000001,0,72,26,20,28,28,26,Low,0,2019-07-01T19:00:00+0900,1561975200,11,222,SW,,13,Rain,Rain,1
100,Monday,N,1560913337,12,1200,60,rain,1002.62,0.76,0,74,25,20,27,27,25,Low,0,2019-07-01T20:00:00+0900,1561978800,11,227,SW,,12,Rain,Rain,1
80,Monday,N,1560913337,11,1201,60,rain,1002.9,0.5,0,76,25,20,27,27,25,Low,0,2019-07-01T21:00:00+0900,1561982400,11,241,WSW,,11,Light Rain,Light Rain,1
80,Monday,N,1560913337,11,1201,60,rain,1003.0,0.6000000000000001,0,77,25,21,27,27,25,Low,0,2019-07-01T22:00:00+0900,1561986000,11,234,SW,,10,Light Rain,Light Rain,1
100,Monday,N,1560913337,12,1200,60,rain,1003.0,0.7000000000000001,0,78,25,21,27,27,25,Low,0,2019-07-01T23:00:00+0900,1561989600,10,245,WSW,,9,Rain,Rain,1
100,Tuesday,N,1560913337,12,1200,60,rain,1002.9,0.76,0,79,25,21,27,27,25,Low,0,2019-07-02T00:00:00+0900,1561993200,6,246,WSW,,9,Rain,Rain,1
100,Tuesday,N,1560913337,12,1200,60,rain,1002.78,0.76,0,79,24,21,27,27,24,Low,0,2019-07-02T01:00:00+0900,1561996800,6,250,WSW,,10,Rain,Rain,1
100,Tuesday,N,1560913337,12,1200,60,rain,1002.6,0.76,0,80,24,21,27,27,24,Low,0,2019-07-02T02:00:00+0900,1562000400,6,239,WSW,,10,Rain,Rain,1
100,Tuesday,N,1560913337,12,1200,60,rain,1002.5,0.76,0,80,24,20,26,26,24,Low,0,2019-07-02T03:00:00+0900,1562004000,7,230,SW,,10,Rain,Rain,1
100,Tuesday,N,1560913337,12,1200,60,rain,1002.6,0.76,0,81,24,20,25,25,24,Low,0,2019-07-02T04:00:00+0900,1562007600,7,236,SW,,10,Rain,Rain,1
100,Tuesday,D,1560913337,12,1200,60,rain,1002.8,0.76,0,83,23,20,24,24,23,Low,0,2019-07-02T05:00:00+0900,1562011200,8,249,WSW,,10,Rain,Rain,1
100,Tuesday,D,1560913337,12,1200,60,rain,1003.0,0.76,0,83,23,20,24,24,23,Low,0,2019-07-02T06:00:00+0900,1562014800,9,290,WNW,,10,Rain,Rain,1
82,Tuesday,D,1560913337,4,400,60,rain,1003.3,0.76,0,82,23,20,24,24,23,Low,1,2019-07-02T07:00:00+0900,1562018400,10,270,W,,10,Thunderstorms,T-Storms,2
82,Tuesday,D,1560913337,4,400,60,rain,1003.5,0.76,0,79,24,20,25,25,24,Low,2,2019-07-02T08:00:00+0900,1562022000,11,156,SSE,,11,Thunderstorms,T-Storms,2
82,Tuesday,D,1560913337,4,400,60,rain,1003.7,0.76,0,77,24,20,27,27,24,Moderate,3,2019-07-02T09:00:00+0900,1562025600,11,180,S,,11,Thunderstorms,T-Storms,2
81,Tuesday,D,1560913337,4,400,60,rain,1003.8,0.76,0,73,25,20,27,27,25,Moderate,5,2019-07-02T10:00:00+0900,1562029200,11,198,SSW,,10,Thunderstorms,T-Storms,2
81,Tuesday,D,1560913337,4,400,60,rain,1003.8,0.76,0,70,26,20,28,28,26,High,6,2019-07-02T11:00:00+0900,1562032800,11,202,SSW,,10,Thunderstorms,T-Storms,2
81,Tuesday,D,1560913337,4,400,60,rain,1003.8,0.76,0,67,26,20,28,28,26,High,7,2019-07-02T12:00:00+0900,1562036400,11,225,SW,,10,Thunderstorms,T-Storms,2
81,Tuesday,D,1560913337,4,400,60,rain,1003.8,0.76,0,66,27,20,29,29,27,High,6,2019-07-02T13:00:00+0900,1562040000,11,211,SSW,,11,Thunderstorms,T-Storms,2
81,Tuesday,D,1560913337,4,400,60,rain,1003.7,0.76,0,64,27,20,29,29,27,Moderate,5,2019-07-02T14:00:00+0900,1562043600,11,219,SW,,12,Thunderstorms,T-Storms,2
100,Tuesday,D,1560913337,12,1200,60,rain,1003.7,0.76,0,65,27,19,29,29,27,Moderate,4,2019-07-02T15:00:00+0900,1562047200,11,209,SSW,,11,Rain,Rain,1
100,Tuesday,D,1560913337,12,1200,60,rain,1003.86,0.76,0,66,26,20,28,28,26,Low,2,2019-07-02T16:00:00+0900,1562050800,11,213,SSW,,10,Rain,Rain,1
100,Tuesday,D,1560913337,12,1200,60,rain,1004.1,0.76,0,65,26,19,28,28,26,Low,1,2019-07-02T17:00:00+0900,1562054400,11,211,SSW,,10,Rain,Rain,1
100,Tuesday,D,1560913337,12,1200,60,rain,1004.4,0.76,0,68,26,19,28,28,26,Low,0,2019-07-02T18:00:00+0900,1562058000,11,214,SW,,10,Rain,Rain,1
100,Tuesday,D,1560913337,12,1200,60,rain,1004.8,0.76,0,69,25,19,27,27,25,Low,0,2019-07-02T19:00:00+0900,1562061600,11,300,WNW,,9,Rain,Rain,1
100,Tuesday,N,1560913337,12,1200,60,rain,1005.2,0.76,0,72,25,20,27,27,25,Low,0,2019-07-02T20:00:00+0900,1562065200,10,9,N,,8,Rain,Rain,1
100,Tuesday,N,1560913337,12,1200,60,rain,1005.49,0.76,0,74,25,20,27,27,25,Low,0,2019-07-02T21:00:00+0900,1562068800,9,8,N,,8,Rain,Rain,1
100,Tuesday,N,1560913337,12,1200,60,rain,1005.54,0.76,0,76,24,20,27,27,24,Low,0,2019-07-02T22:00:00+0900,1562072400,8,22,NNE,,7,Rain,Rain,1
100,Tuesday,N,1560913337,12,1200,60,rain,1005.6,0.76,0,77,24,20,26,26,24,Low,0,2019-07-02T23:00:00+0900,1562076000,7,0,N,,7,Rain,Rain,1
80,Wednesday,N,1560913337,11,1201,60,rain,1005.6,0.5,0,78,24,20,25,25,24,Low,0,2019-07-03T00:00:00+0900,1562079600,6,0,N,,7,Light Rain,Light Rain,1
80,Wednesday,N,1560913337,11,1201,60,rain,1005.6,0.5,0,78,24,20,25,25,24,Low,0,2019-07-03T01:00:00+0900,1562083200,6,0,N,,7,Light Rain,Light Rain,1
80,Wednesday,N,1560913337,11,1201,60,rain,1005.6,0.5,0,80,24,20,25,25,24,Low,0,2019-07-03T02:00:00+0900,1562086800,6,341,NNW,,8,Light Rain,Light Rain,1
80,Wednesday,N,1560913337,11,1201,60,rain,1005.64,0.4,0,80,23,20,24,24,23,Low,0,2019-07-03T03:00:00+0900,1562090400,6,0,N,,8,Light Rain,Light Rain,1
80,Wednesday,N,1560913337,11,1201,60,rain,1005.9,0.4,0,81,23,19,24,24,23,Low,0,2019-07-03T04:00:00+0900,1562094000,7,18,NNE,,8,Light Rain,Light Rain,1
80,Wednesday,D,1560913337,11,1201,60,rain,1006.2,0.4,0,82,23,20,24,24,23,Low,0,2019-07-03T05:00:00+0900,1562097600,9,25,NNE,,8,Light Rain,Light Rain,1
80,Wednesday,D,1560913337,11,1201,60,rain,1006.5,0.4,0,82,23,20,24,24,23,Low,0,2019-07-03T06:00:00+0900,1562101200,12,44,NE,,8,Light Rain,Light Rain,1
80,Wednesday,D,1560913337,11,1201,60,rain,1006.8,0.5,0,80,23,20,24,24,23,Low,1,2019-07-03T07:00:00+0900,1562104800,15,65,ENE,,8,Light Rain,Light Rain,1
80,Wednesday,D,1560913337,11,1201,60,rain,1007.1,0.5,0,77,24,20,25,25,24,Low,2,2019-07-03T08:00:00+0900,1562108400,16,82,E,,9,Light Rain,Light Rain,1
80,Wednesday,D,1560913337,11,1201,60,rain,1007.3,0.42,0,74,25,20,27,27,25,Moderate,3,2019-07-03T09:00:00+0900,1562112000,16,103,ESE,,9,Light Rain,Light Rain,1
80,Wednesday,D,1560913337,11,1201,60,rain,1007.3,0.48,0,69,25,19,27,27,25,Moderate,5,2019-07-03T10:00:00+0900,1562115600,16,125,SE,,8,Light Rain,Light Rain,1
80,Wednesday,D,1560913337,11,1201,60,rain,1007.2,0.5,0,67,26,20,28,28,26,High,6,2019-07-03T11:00:00+0900,1562119200,16,157,SSE,,9,Light Rain,Light Rain,1
80,Wednesday,D,1560913337,11,1201,60,rain,1006.9,0.5,0,65,27,20,29,29,27,High,7,2019-07-03T12:00:00+0900,1562122800,16,170,S,,9,Light Rain,Light Rain,1
80,Wednesday,D,1560913337,11,1201,60,rain,1006.7,0.5,0,64,27,20,29,29,27,High,6,2019-07-03T13:00:00+0900,1562126400,16,182,S,,11,Light Rain,Light Rain,1
80,Wednesday,D,1560913337,11,1201,60,rain,1006.5,0.5,0,63,27,19,29,29,27,Moderate,5,2019-07-03T14:00:00+0900,1562130000,16,206,SSW,,13,Light Rain,Light Rain,1
79,Wednesday,D,1560913337,11,1100,59,rain,1006.4,0.4,0,63,27,19,29,29,27,Moderate,4,2019-07-03T15:00:00+0900,1562133600,16,209,SSW,,13,Showers,Showers,1
79,Wednesday,D,1560913337,11,1100,59,rain,1006.52,0.4,0,65,27,20,29,29,27,Low,2,2019-07-03T16:00:00+0900,1562137200,16,213,SSW,,12,Showers,Showers,1
79,Wednesday,D,1560913337,11,1100,59,rain,1006.8,0.4,0,65,27,19,29,29,27,Low,1,2019-07-03T17:00:00+0900,1562140800,16,218,SW,,12,Showers,Showers,1
79,Wednesday,D,1560913337,11,1100,56,rain,1007.1,0.4,0,67,26,20,28,28,26,Low,0,2019-07-03T18:00:00+0900,1562144400,16,234,SW,,11,Showers,Showers,1
79,Wednesday,D,1560913337,11,1100,56,rain,1007.5,0.34,0,69,26,20,28,28,26,Low,0,2019-07-03T19:00:00+0900,1562148000,16,261,W,,10,Showers,Showers,1
79,Wednesday,N,1560913337,11,1100,57,rain,1008.0,0.30000000000000004,0,72,25,20,27,27,25,Low,0,2019-07-03T20:00:00+0900,1562151600,14,288,WNW,,9,Showers,Showers,1
80,Wednesday,N,1560913337,11,1201,60,rain,1008.2,0.6000000000000001,0,74,25,20,27,27,25,Low,0,2019-07-03T21:00:00+0900,1562155200,12,326,NW,,8,Light Rain,Light Rain,1
80,Wednesday,N,1560913337,11,1201,60,rain,1008.2,0.6000000000000001,0,77,24,20,26,26,24,Low,0,2019-07-03T22:00:00+0900,1562158800,11,358,N,,7,Light Rain,Light Rain,1
80,Wednesday,N,1560913337,11,1201,60,rain,1008.2,0.6000000000000001,0,77,24,20,26,26,24,Low,0,2019-07-03T23:00:00+0900,1562162400,10,342,NNW,,7,Light Rain,Light Rain,1
80,Thursday,N,1560913337,11,1201,60,rain,1008.09,0.6000000000000001,0,79,24,20,25,25,24,Low,0,2019-07-04T00:00:00+0900,1562166000,9,355,N,,7,Light Rain,Light Rain,1
80,Thursday,N,1560913337,11,1201,60,rain,1007.9,0.6000000000000001,0,79,24,20,25,25,24,Low,0,2019-07-04T01:00:00+0900,1562169600,8,358,N,,7,Light Rain,Light Rain,1
80,Thursday,N,1560913337,11,1201,60,rain,1007.8,0.6000000000000001,0,80,24,20,25,25,24,Low,0,2019-07-04T02:00:00+0900,1562173200,8,347,NNW,,7,Light Rain,Light Rain,1
73,Thursday,N,1560913337,11,1100,58,rain,1007.8,0.5,0,80,23,20,24,24,23,Low,0,2019-07-04T03:00:00+0900,1562176800,9,6,N,,7,Showers,Showers,1
74,Thursday,N,1560913337,11,1100,58,rain,1007.9,0.5,0,81,23,19,24,24,23,Low,0,2019-07-04T04:00:00+0900,1562180400,10,11,N,,7,Showers,Showers,1
77,Thursday,D,1560913337,11,1100,57,rain,1008.1,0.46,0,82,23,19,24,24,23,Low,0,2019-07-04T05:00:00+0900,1562184000,11,7,N,,7,Showers,Showers,1
78,Thursday,D,1560913337,11,1100,57,rain,1008.3,0.46,0,82,23,19,24,24,23,Low,0,2019-07-04T06:00:00+0900,1562187600,12,22,NNE,,8,Showers,Showers,1
79,Thursday,D,1560913337,11,1100,56,rain,1008.4,0.46,0,80,23,20,24,24,23,Low,1,2019-07-04T07:00:00+0900,1562191200,14,35,NE,,8,Showers,Showers,1
80,Thursday,D,1560913337,11,1100,55,rain,1008.5,0.46,0,77,24,20,25,25,24,Low,2,2019-07-04T08:00:00+0900,1562194800,15,63,ENE,,8,Showers,Showers,1
80,Thursday,D,1560913337,11,1100,55,rain,1008.5,0.48,0,74,24,20,26,26,24,Moderate,3,2019-07-04T09:00:00+0900,1562198400,16,88,E,,8,Showers,Showers,1
80,Thursday,D,1560913337,11,1100,56,rain,1008.4,0.5,0,71,25,19,27,27,25,Moderate,5,2019-07-04T10:00:00+0900,1562202000,16,117,ESE,,8,Showers,Showers,1
79,Thursday,D,1560913337,11,1100,57,rain,1008.2,0.5,0,68,26,20,28,28,26,High,6,2019-07-04T11:00:00+0900,1562205600,16,168,SSE,,8,Showers,Showers,1
